username,password
Ivan.Petrenko,$2a$10$HVRuZ9yqrBS5kv3fFC7G7.RXlK2tZK4EROWE6nVPI3z6S94yM3L1O
Maksym.Bondarenko,$2a$10$wo5qWJQRsYTbJqIpoKuWhuvuv5YyFr3T2Yl2gu9jgfUhBEL2fV26i
Dmytro.Kravchenko,$2a$10$DmpBwKZcH5coeQLlJEP2Q.tDERzE.q450DoiaHzl7OfIa7S8zqv9O
Andrii.Melnyk,$2a$10$DGk0Ir8EvsAnARmLjlOekuNjkMI3jq7DHMRGVMpjUwyqv3CE/9ieW
Serhii.Tkachenko,$2a$10$/FtZ94TGD39tRgojEygC3OZOLQ.bIgfqzTUnR9P2iM2qXqFsYG2Ey
Yurii.Moroz,$2a$10$HnGt3aFBxi/zkLvzz7w1AOzyBwqemx77cyUwftshRBSv0QBy5pxTa
Bohdan.Lysenko,$2a$10$tdMdgKQrP/T3ejo29hrxLO7NWXYekxBIsvPVV/wcYhahfVqseqCGq
Roman.Savchenko,$2a$10$QdKDyoZquLuxplA08NWUxOuQhTyiIv0HhEh6iE.ppjP8QjKle4XE2
Artem.Polishchuk,$2a$10$A8zhdu81ds2M9pUYDqfZ8O.F9MADIdVFpOg1KAHbIHZffCqQMZzLO
Oleksandr.Hrytsenko,$2a$10$VpkAjWl0crY7KfICFxHUMuxnptHxZx8OsBPGXrzdsl4k/m1Q1aJXa
Nazar.Kostenko,$2a$10$wO6OO/ojHm9dQAdtDHnOVeM//risKn880QaanYXyg66EtDXQ.B8zG
Mykola.Rudenko,$2a$10$kv1q3Gap6DUYiNOl1hvyfOpMSTkyc142vYVrx1c2Y.8G2txRBanhK
Vladyslav.Sydorenko,$2a$10$F4Z1Zn9NjvEdDm.xIhF6C.3HSjJU0a0mIt0Dg.B4wVjgZylUsi2j2
Taras.Pavlenko,$2a$10$gOn1qgeiQwXb3QvE4aOgz.NFCW1fwMo0uolo3deWEGiHka.qb41yy
Pavlo.Honchar,$2a$10$G05.tRyepD2UUTXd79wzF..2utVhAVXV/mmwGLNicKMOVia3Hb86e
Oleg.Shevchenko,$2a$10$J51iBj7rSIPx6CiLNu7OIegWyC/sIfSyj16WgkIfW1mu29is26omq
Anna.Koval,$2a$10$PobsGtevejh13FVzQTPJguU36Ma/6K/D8cSk1FT.s2/pSsFkXFC8e
Olena.Kravets,$2a$10$WpVUbj/1ZzVvK/TsmqdINe7mXDuoVzq8h3eX6caeLI/Smvr.dew7W
Iryna.Marchenko,$2a$10$wRSn3qdDwlQx0OvXkJ4V.u5gtpTSv1z.FrVo4Kjd2Ca4ILhyLGTha
Kateryna.Levchenko,$2a$10$Yef6A5Ge7ERlEcSk5YMXyecalBUQ8GFL.y1CNOjfBlKGzLxEZgq3K
Viktor.Danylenko,$2a$10$nSE5ASnSZ1DVDh7zEFu9auDrqBHeW28LiAnokjl.SVQaaCiD7iRoG
Denys.Kovalchuk,$2a$10$DyCrznO7vC39QifJBQcy/.pmR6E5d0XEKPwfz53xM5fcUu29O9sq.
Maryna.Zhuk,$2a$10$nKAvLsr2WVZ2p142jMwiDed9wpa9P.mC505607AaJ59BHZUWXLOAu
Sofia.Bilyk,$2a$10$7kakJLmH7j2xbOvtYVcw/eCPcKJnAOAbwXOlM2NjdzxR.9hQylYHy
Yana.Taran,$2a$10$6OemR2saPnJrI0SL7xjuK.Bv0Y9k5afjGYztW7mZDfl6.TIA6hfBK
Volodymyr.Fedorenko,$2a$10$2ZqXr/PZHo7Rry0Wzn1Rre0MTCdpbUoEappE70giUZZtpg5p3aAhS
Alina.Romanenko,$2a$10$FISqzB15nv2Jx7vL5jKJDOWtKECm23MbwnKOh/IWNADANzqOXHaDO
Myroslav.Semenuk,$2a$10$FojNsDn7wB1jeHMQqDLqHu3xr2NJq4cownrZjVzi4jLzUk.OPtEpC
Natalia.Chernenko,$2a$10$XHfCywc7ERbTNTFRNJqdH.o2E9sNxDV.tg.WN0TJQsam29FPZlE2.
Petro.Klymenko,$2a$10$eFW.F6eNzg9m5mBh1an1e.d9kfWlNO//T0BQqNjkzsGCbmRbfc4he